id,family,text,set,k,scoring,headline,budget,table_rows,text_matches,bitmap_members,eligible_matches,translation_setup_ms,n,p50_ms,p95_ms,p99_ms,server_ms,server_planning_ms,first_row_ms,returned,shared_hits,shared_reads,temp_reads,temp_writes,rows_removed,tin_output_rows,classification,providers,plan
q0000,native,rare,clustered_0.5,30,full,True,,10000,53,5000,53,,20,15.5928125,20.802089900000002,22.659117979999998,0.256,0.3,0.141,30,49,0,0,0,0,53.0,N/A,Limit | Sort | Projector | Text Search Scan,plans/q0000.json
q0001,scalar,rare,clustered_0.5,30,full,True,,10000,53,5000,28,,20,18.289395499999998,30.20076910000001,42.29392101999998,0.322,0.282,0.163,28,103,0,0,0,0,28.0,P5,Limit | Projector | Projector | Text Search Scan,plans/q0001.json
q0002,bitmap,rare,clustered_0.5,30,full,True,,10000,53,5000,28,,20,15.8228335,26.034946150000007,32.96848922999999,0.488,0.359,0.361,28,210,0,0,0,0,53.0,P1,Limit | Sort | Nested Loop | Seq Scan | Projector | Text Search Scan,plans/q0002.json
q0003,enumeration,rare,clustered_0.5,30,full,True,,10000,53,5000,28,,20,17.8664375,33.17533750000001,43.49176749999998,1.621,0.377,1.481,28,54,0,0,0,0,53.0,P1,Limit | ProjectSet | Index Scan | Sort | Hash Join | CTE Scan | Hash | Projector | Text Search Scan,plans/q0003.json
q0004,native,medium,clustered_0.5,30,full,True,,10000,1964,5000,1964,,20,15.630979,21.7236295,23.5394595,0.229,0.254,0.106,30,33,0,0,0,0,30.0,N/A,Limit | Projector | Text Search Scan,plans/q0004.json
q0005,scalar,medium,clustered_0.5,30,full,True,,10000,1964,5000,968,,20,15.78425,20.0793167,20.10503054,0.307,0.32,0.163,30,70,0,0,0,0,30.0,P5,Limit | Projector | Projector | Text Search Scan,plans/q0005.json
q0006,bitmap,medium,clustered_0.5,30,full,True,,10000,1964,5000,968,,20,22.9382295,29.1159649,30.520792979999996,7.49,0.307,7.376,30,6248,0,0,0,996,1964.0,P1,Limit | Sort | Nested Loop | Seq Scan | Projector | Projector | Text Search Scan,plans/q0006.json
q0007,enumeration,medium,clustered_0.5,30,full,True,,10000,1964,5000,968,,20,18.220854000000003,23.415964550000012,35.57162570999998,3.152,0.413,3.014,30,242,0,0,0,0,1964.0,P1,Limit | ProjectSet | Index Scan | Sort | Hash Join | CTE Scan | Hash | Projector | Text Search Scan,plans/q0007.json
q0008,native,broad,clustered_0.5,30,full,True,,10000,8015,5000,8015,,20,16.163479000000002,22.40665595,25.240664789999993,0.271,0.243,0.157,30,44,0,0,0,0,30.0,N/A,Limit | Projector | Text Search Scan,plans/q0008.json
q0009,scalar,broad,clustered_0.5,30,full,True,,10000,8015,5000,3994,,20,15.7398125,29.493252700000006,35.74111693999999,0.301,0.353,0.141,30,72,0,0,0,0,30.0,P5,Limit | Projector | Projector | Text Search Scan,plans/q0009.json
q0010,bitmap,broad,clustered_0.5,30,full,True,,10000,8015,5000,3994,,20,45.5824585,55.08807680000001,65.88378255999997,28.776,0.351,28.635,30,24403,0,0,0,4021,8015.0,P1,Limit | Sort | Nested Loop | Seq Scan | Projector | Projector | Text Search Scan,plans/q0010.json
q0011,enumeration,broad,clustered_0.5,30,full,True,,10000,8015,5000,3994,,20,21.509292000000002,29.83911215000001,39.70625522999998,6.537,0.354,6.375,30,244,0,0,0,0,8015.0,P1,Limit | ProjectSet | Index Scan | Sort | Hash Join | CTE Scan | Hash | Projector | Text Search Scan,plans/q0011.json
q0012,native,broad,clustered_0.1,30,full,True,,10000,8015,1000,8015,,20,14.3627705,19.603637850000002,20.908494769999997,0.307,0.223,0.176,30,34,0,0,0,0,30.0,N/A,Limit | Projector | Text Search Scan,plans/q0012.json
q0013,scalar,broad,clustered_0.1,30,full,True,,10000,8015,1000,796,,20,16.028707999999998,19.162199700000006,25.042573539999992,0.882,0.283,0.787,30,43,0,0,0,0,796.0,P3,Limit | Sort | Projector | Conjunction Scan | Text Search Scan | Index TID Probe,plans/q0013.json
q0014,bitmap,broad,clustered_0.1,30,full,True,,10000,8015,1000,796,,20,34.013999999999996,36.940108,37.172288,19.4,0.405,19.209,30,16295,0,0,0,7219,8015.0,P1,Limit | Sort | Nested Loop | Seq Scan | Projector | Projector | Text Search Scan,plans/q0014.json
q0015,enumeration,broad,clustered_0.1,30,full,True,,10000,8015,1000,796,,20,31.835603999999996,50.22654440000001,57.47824247999999,4.72,0.323,4.608,30,243,0,0,0,0,8015.0,P1,Limit | ProjectSet | Index Scan | Sort | Hash Join | CTE Scan | Hash | Projector | Text Search Scan,plans/q0015.json
q0016,native,broad,clustered_0.01,30,full,True,,10000,8015,100,8015,,20,15.5335205,18.390556250000003,20.616311249999995,0.246,0.244,0.121,30,34,0,0,0,0,30.0,N/A,Limit | Projector | Text Search Scan,plans/q0016.json
q0017,scalar,broad,clustered_0.01,30,full,True,,10000,8015,100,80,,20,15.869271000000001,18.18489165,22.051644729999992,0.245,0.256,0.15,30,20,0,0,0,0,80.0,P3,Limit | Sort | Projector | Conjunction Scan | Text Search Scan | Index TID Probe,plans/q0017.json
q0018,bitmap,broad,clustered_0.01,30,full,True,,10000,8015,100,80,,20,17.791646,23.675561050000002,26.000812209999996,3.918,0.331,3.795,30,244,0,0,0,7935,8015.0,P1,Limit | Sort | Nested Loop | Seq Scan | Projector | Projector | Text Search Scan,plans/q0018.json
q0019,enumeration,broad,clustered_0.01,30,full,True,,10000,8015,100,80,,20,18.481229,22.0638702,22.43177404,4.42,0.438,4.275,30,241,0,0,0,0,8015.0,P1,Limit | ProjectSet | Index Scan | Sort | Hash Join | CTE Scan | Hash | Projector | Text Search Scan,plans/q0019.json
q0020,native,broad,clustered_0.001,30,full,True,,10000,8015,10,8015,,20,15.908479,24.8211125,29.37712249999999,0.23,0.208,0.118,30,34,0,0,0,0,30.0,N/A,Limit | Projector | Text Search Scan,plans/q0020.json
q0021,scalar,broad,clustered_0.001,30,full,True,,10000,8015,10,9,,20,16.019562,19.73106665,19.99047973,0.212,0.364,0.109,9,18,0,0,0,0,9.0,P3,Limit | Sort | Projector | Conjunction Scan | Text Search Scan | Index TID Probe,plans/q0021.json
q0022,bitmap,broad,clustered_0.001,30,full,True,,10000,8015,10,9,,20,20.156479,27.999816350000003,31.161163269999996,4.23,0.393,4.096,9,242,0,0,0,8006,8015.0,P1,Limit | Sort | Nested Loop | Seq Scan | Projector | Projector | Text Search Scan,plans/q0022.json
q0023,enumeration,broad,clustered_0.001,30,full,True,,10000,8015,10,9,,20,20.8568335,31.86140450000002,54.13301449999996,4.498,0.373,4.331,9,241,0,0,0,0,8015.0,P1,Limit | ProjectSet | Index Scan | Sort | Hash Join | CTE Scan | Hash | Projector | Text Search Scan,plans/q0023.json
q0024,subquery,rare,random_1,30,default,False,,10000,53,10000,53,,20,19.9288335,37.29450030000001,46.36636645999998,0.453,0.297,0.333,30,255,0,0,0,0,53.0,P5,Limit | Index Scan | Sort | Projector | Projector | Text Search Scan,plans/q0024.json
q0025,subquery,rare,random_0.75,30,default,False,,10000,53,7500,40,,20,15.778103999999999,21.8618101,22.91596202,0.525,0.366,0.387,30,246,0,0,0,13,53.0,P5,Limit | Index Scan | Sort | Projector | Projector | Text Search Scan,plans/q0025.json
q0026,subquery,rare,random_0.5,30,default,False,,10000,53,5000,27,,20,16.8367705,29.87134585,30.792402769999995,0.439,0.287,0.321,27,235,0,0,0,26,53.0,P5,Limit | Index Scan | Sort | Projector | Projector | Text Search Scan,plans/q0026.json
q0027,subquery,rare,random_0.25,30,default,False,,10000,53,2500,15,,20,14.9857085,19.361060400000003,19.49497848,0.403,0.327,0.28,15,171,0,0,0,38,53.0,P5,Limit | Index Scan | Sort | Projector | Projector | Text Search Scan,plans/q0027.json
q0028,subquery,rare,random_0.1,30,default,False,,10000,53,1000,8,,20,16.1348755,18.680435750000004,21.557320749999995,0.445,0.383,0.301,8,165,0,0,0,45,53.0,P5,Limit | Index Scan | Sort | Projector | Projector | Text Search Scan,plans/q0028.json
q0029,count_native,rare,random_1,30,default,False,,10000,53,10000,53,,20,17.4983745,26.033095800000005,29.891551959999994,0.1,0.205,0.035,53,8,0,0,0,0,1.0,N/A,Tin Count,plans/q0029.json
q0030,count_native,medium,random_1,30,default,False,,10000,1964,10000,1964,,20,18.781208,24.109179500000014,38.42016949999998,0.083,0.176,0.029,1964,8,0,0,0,0,1.0,N/A,Tin Count,plans/q0030.json
q0031,count_native,broad,random_1,30,default,False,,10000,8015,10000,8015,,20,15.686520999999999,20.1896479,20.54339598,0.095,0.174,0.035,8015,8,0,0,0,0,1.0,N/A,Tin Count,plans/q0031.json
q0032,count_native,and,random_1,30,default,False,,10000,2683,10000,2683,,20,21.1457915,54.85205000000002,79.18800999999996,0.125,0.276,0.048,2683,9,0,0,0,0,1.0,N/A,Tin Count,plans/q0032.json
q0033,count_native,or,random_1,30,default,False,,10000,1964,10000,1964,,20,15.023958,29.784804800000007,38.64406095999998,0.418,0.261,0.335,1964,241,0,0,0,0,1.0,N/A,Tin Count,plans/q0033.json
q0034,count_bitmap,rare,random_1,30,default,False,,10000,53,10000,53,,20,15.569729500000001,21.263339600000023,45.655001519999956,0.398,0.295,0.284,53,212,0,0,0,0,53.0,P1,Aggregate | Nested Loop | Index Scan | TID Materializer | Text Search Scan,plans/q0034.json
q0035,count_bitmap,rare,random_0.75,30,default,False,,10000,53,7500,40,,20,16.2641665,26.195464900000008,37.043292979999976,0.412,0.4,0.302,40,212,0,0,0,13,53.0,P1,Aggregate | Nested Loop | Index Scan | TID Materializer | Text Search Scan,plans/q0035.json
q0036,count_bitmap,rare,random_0.5,30,default,False,,10000,53,5000,27,,20,15.0858125,18.762810400000003,20.11082848,0.389,0.325,0.296,27,212,0,0,0,26,53.0,P1,Aggregate | Nested Loop | Index Scan | TID Materializer | Text Search Scan,plans/q0036.json
q0037,count_bitmap,rare,random_0.25,30,default,False,,10000,53,2500,15,,20,17.2704375,34.952720800000016,54.489976959999964,0.346,0.316,0.256,15,159,0,0,0,38,53.0,P1,Aggregate | Nested Loop | Index Scan | TID Materializer | Text Search Scan,plans/q0037.json
q0038,count_bitmap,rare,random_0.1,30,default,False,,10000,53,1000,8,,20,15.4245205,19.7397184,21.46887648,0.356,0.417,0.246,8,159,0,0,0,45,53.0,P1,Aggregate | Nested Loop | Index Scan | TID Materializer | Text Search Scan,plans/q0038.json
q0039,scalar_scope,broad,tenant,30,full,False,,10000,8015,100,73,,20,16.2031875,21.04135355,23.128504309999997,0.406,0.424,0.285,30,90,0,0,0,0,73.0,P3,Limit | Sort | Projector | Conjunction Scan | Text Search Scan | Index TID Probe,plans/q0039.json
q0040,scalar_scope,rare,tenant,30,full,False,,10000,53,100,0,,20,16.861125,34.57966070000008,121.66606493999986,0.289,0.348,0.162,0,4,2,0,0,0,53.0,P3,Limit | Sort | Projector | Conjunction Scan | Text Search Scan | Index TID Probe,plans/q0040.json
q0041,scalar_scope,broad,channel,30,full,False,,10000,8015,2500,2027,,20,18.9299375,37.83691875,40.54318375,0.395,0.331,0.249,30,98,0,0,0,0,30.0,P5,Limit | Projector | Projector | Text Search Scan,plans/q0041.json
q0042,scalar_scope,rare,channel,30,full,False,,10000,53,2500,13,,20,15.098666999999999,17.3102524,17.41415048,0.328,0.401,0.177,13,73,0,0,0,0,13.0,P5,Limit | Projector | Projector | Text Search Scan,plans/q0042.json
q0043,scalar_scope,broad,category,30,full,False,,10000,8015,500,407,,20,25.049083500000002,71.67002740000001,79.27170547999998,0.858,0.433,0.715,30,238,2,0,0,0,407.0,P3,Limit | Sort | Projector | Conjunction Scan | Text Search Scan | Index TID Probe,plans/q0043.json
q0044,id_relation,broad,random_0.5,30,full,False,,10000,8015,5000,4015,157.494958,20,28.269354,72.11949725,77.46923224999999,5.498,0.531,5.239,30,239,0,0,0,0,8015.0,P1,Limit | Sort | Hash Join | Projector | Text Search Scan | Hash | Seq Scan,plans/q0044.json
q0045,id_relation,broad,random_0.1,30,full,False,,10000,8015,1000,798,77.062791,20,18.7924165,21.9921979,22.06740598,4.13,0.508,3.99,30,239,0,0,0,0,8015.0,P1,Limit | Sort | Hash Join | Projector | Text Search Scan | Hash | Seq Scan,plans/q0045.json
q0046,id_relation,broad,random_0.01,30,full,False,,10000,8015,100,82,77.448791,20,18.178125,36.70002535000001,43.59107226999999,1.457,0.54,1.328,30,1099,0,0,0,0,82.0,P3,Limit | Sort | Nested Loop | Seq Scan | Projector | Projector | Conjunction Scan | Text Search Scan | Index TID Probe,plans/q0046.json
q0047,id_relation,broad,random_0.001,30,full,False,,10000,8015,10,9,64.1145,20,17.3909585,21.7845521,23.295844019999997,0.435,0.592,0.302,9,121,0,0,0,0,9.0,P3,Limit | Sort | Nested Loop | Seq Scan | Projector | Projector | Conjunction Scan | Text Search Scan | Index TID Probe,plans/q0047.json
q0048,ctid_relation,broad,random_0.5,30,full,False,,10000,8015,5000,4015,137.948167,20,21.580750000000002,28.54392295,29.893651789999996,5.93,0.404,5.659,30,239,0,0,0,0,8015.0,P1,Limit | Sort | Hash Join | Projector | Text Search Scan | Hash | Seq Scan,plans/q0048.json
q0049,ctid_relation,broad,random_0.1,30,full,False,,10000,8015,1000,798,102.579833,20,24.700833,45.68902325000001,52.500238249999995,4.728,0.532,4.584,30,239,0,0,0,0,8015.0,P1,Limit | Sort | Hash Join | Projector | Text Search Scan | Hash | Seq Scan,plans/q0049.json
q0050,ctid_relation,broad,random_0.01,30,full,False,,10000,8015,100,82,77.373583,20,31.055958500000003,65.14001635000002,88.13850326999996,4.17,0.416,4.028,30,239,0,0,0,0,8015.0,P1,Limit | Sort | Hash Join | Projector | Text Search Scan | Hash | Seq Scan,plans/q0050.json
q0051,ctid_relation,broad,random_0.001,30,full,False,,10000,8015,10,9,66.0835,20,19.0983955,29.568983650000003,31.86899673,4.203,0.428,4.061,9,239,0,0,0,0,8015.0,P1,Limit | Sort | Hash Join | Projector | Text Search Scan | Hash | Seq Scan,plans/q0051.json
q0052,oversample,broad,random_0.5,30,full,False,30,10000,8015,5000,4015,,20,16.891687,24.19894615,25.30708923,0.41,0.257,0.298,16,126,0,0,0,0,30.0,P1,Limit | Limit | Projector | Text Search Scan | Sort | Nested Loop | Index Scan | CTE Scan,plans/q0052.json
q0053,oversample,broad,random_0.5,30,full,False,60,10000,8015,5000,4015,,20,16.794687500000002,38.63068125,41.36753624999999,0.604,0.309,0.472,30,268,0,0,0,0,60.0,P1,Limit | Limit | Projector | Text Search Scan | Sort | Nested Loop | Index Scan | CTE Scan,plans/q0053.json
q0054,oversample,broad,random_0.5,30,full,False,120,10000,8015,5000,4015,,20,16.3596455,24.342897600000004,26.836679519999997,0.884,0.346,0.753,30,479,0,0,0,0,120.0,P1,Limit | Limit | Projector | Text Search Scan | Sort | Nested Loop | Index Scan | CTE Scan,plans/q0054.json
q0055,oversample,broad,random_0.5,30,full,False,300,10000,8015,5000,4015,,20,17.580729,21.53559760000001,31.831919519999982,1.928,0.338,1.782,30,1302,0,0,0,0,300.0,P1,Limit | Limit | Projector | Text Search Scan | Sort | Nested Loop | Index Scan | CTE Scan,plans/q0055.json
q0056,oversample,broad,random_0.5,30,full,False,600,10000,8015,5000,4015,,20,23.394542,39.57112885000001,45.85132576999999,3.477,0.386,3.323,30,2370,0,0,0,0,600.0,P1,Limit | Limit | Projector | Text Search Scan | Sort | Nested Loop | Index Scan | CTE Scan,plans/q0056.json
q0057,bitmap,and,random_1,30,default,False,,10000,2683,10000,2683,,20,25.15725,28.3855268,30.805272559999995,10.674,0.339,10.543,30,8523,0,0,0,0,2683.0,P1,Limit | Sort | Nested Loop | Seq Scan | Projector | Projector | Text Search Scan,plans/q0057.json
q0058,count_bitmap,and,random_0.25,30,default,False,,10000,2683,2500,695,,20,25.7575835,58.17589615,58.620179230000005,7.066,0.412,6.953,695,5608,0,0,0,1988,2683.0,P1,Aggregate | Nested Loop | Index Scan | TID Materializer | Text Search Scan,plans/q0058.json
q0059,subquery,and,random_0.001,30,default,False,,10000,2683,10,5,,20,16.8475415,26.8010527,27.21857694,1.78,0.352,1.63,5,246,0,0,0,2678,2683.0,P5,Limit | Index Scan | Sort | Projector | Projector | Text Search Scan,plans/q0059.json
q0060,count_bitmap,or,random_0.75,30,default,False,,10000,1964,7500,1491,,20,21.466479,27.4326875,28.959337499999997,7.16,0.327,7.058,1491,6135,0,0,0,473,1964.0,P1,Aggregate | Nested Loop | Index Scan | TID Materializer | Text Search Scan,plans/q0060.json
q0061,subquery,or,random_0.05,30,default,False,,10000,1964,500,106,,20,18.1949375,38.5675976,38.850919520000005,1.589,0.394,1.442,30,328,0,0,0,1858,1964.0,P5,Limit | Index Scan | Sort | Projector | Projector | Text Search Scan,plans/q0061.json
q0062,subquery,phrase,random_0.25,30,default,False,,10000,3334,2500,863,,20,27.395916999999997,41.40822565000002,58.26337872999997,9.517,0.4,9.347,30,7138,0,0,0,2471,3334.0,P5,Limit | Index Scan | Sort | Projector | Projector | Text Search Scan,plans/q0062.json
q0063,enumeration,phrase,random_0.001,30,default,False,,10000,3334,10,5,,20,16.472395499999998,18.742223250000002,21.477178249999994,2.088,0.566,1.901,5,241,0,0,0,0,3334.0,P1,Limit | ProjectSet | Index Scan | Sort | Hash Join | CTE Scan | Hash | Projector | Text Search Scan,plans/q0063.json
q0064,subquery,prefix,random_0.75,30,default,False,,10000,10000,7500,7500,,20,54.712438,65.120408,68.85694799999999,39.446,1.241,38.906,30,30583,0,0,0,2500,10000.0,P5,Limit | Index Scan | Sort | Projector | Projector | Text Search Scan,plans/q0064.json
q0065,enumeration,prefix,random_0.05,30,default,False,,10000,10000,500,500,,20,24.3423125,29.880197300000003,32.884573059999994,8.063,1.702,7.144,30,350,0,0,0,0,10000.0,P1,Limit | ProjectSet | Index Scan | Sort | Hash Join | CTE Scan | Hash | Projector | Text Search Scan,plans/q0065.json
q0066,native,prefix,random_1,30,default,False,,10000,10000,10000,10000,,20,35.735604499999994,61.08540065,63.16501373,7.125,1.269,6.634,30,136,0,0,0,0,30.0,N/A,Limit | Projector | Text Search Scan,plans/q0066.json
q0067,enumeration,and,random_0.25,30,full,False,,10000,2683,2500,695,,20,21.616208,33.65540835,35.89791527,3.118,0.537,2.948,30,243,0,0,0,0,2683.0,P1,Limit | ProjectSet | Index Scan | Sort | Hash Join | CTE Scan | Hash | Projector | Text Search Scan,plans/q0067.json
q0068,bitmap,and,random_0.001,30,full,False,,10000,2683,10,5,,20,16.453479,19.8313292,20.05483304,2.077,0.359,1.946,5,246,0,0,0,2678,2683.0,P1,Limit | Sort | Nested Loop | Seq Scan | Projector | Projector | Text Search Scan,plans/q0068.json
q0069,enumeration,or,random_0.75,30,full,False,,10000,1964,7500,1491,,20,18.608292,20.298735100000002,21.37834702,4.083,0.446,3.937,30,244,0,0,0,0,1964.0,P1,Limit | ProjectSet | Index Scan | Sort | Hash Join | CTE Scan | Hash | Projector | Text Search Scan,plans/q0069.json
q0070,bitmap,or,random_0.05,30,full,False,,10000,1964,500,106,,20,17.099521000000003,27.42746490000002,51.29979297999996,1.662,0.403,1.517,30,328,0,0,0,1858,1964.0,P1,Limit | Sort | Nested Loop | Seq Scan | Projector | Projector | Text Search Scan,plans/q0070.json
q0071,count_bitmap,or,random_0,30,full,False,,10000,1964,0,0,,20,15.499145500000001,20.48342115,23.538684229999994,0.913,0.322,0.82,0,243,0,0,0,1964,1964.0,P1,Aggregate | Nested Loop | Index Scan | TID Materializer | Text Search Scan,plans/q0071.json
q0072,bitmap,phrase,random_0.25,30,full,False,,10000,3334,2500,863,,20,28.506646,50.63205420000001,62.58767803999998,10.185,0.354,10.046,30,7141,0,0,0,2471,3334.0,P1,Limit | Sort | Nested Loop | Seq Scan | Projector | Projector | Text Search Scan,plans/q0072.json
q0073,count_bitmap,phrase,random_0.01,30,full,False,,10000,3334,100,41,,20,20.8811875,84.00281665000001,91.85652972999999,1.659,0.471,1.534,41,242,0,0,0,3293,3334.0,P1,Aggregate | Nested Loop | Index Scan | TID Materializer | Text Search Scan,plans/q0073.json
q0074,bitmap,prefix,random_0.75,30,full,False,,10000,10000,7500,7500,,20,53.2972295,64.72212085000001,74.62295776999999,36.204,1.344,35.365,30,30350,0,0,0,0,10000.0,P1,Limit | Sort | Nested Loop | Seq Scan | Projector | Text Search Scan,plans/q0074.json
q0075,count_bitmap,prefix,random_0.1,30,full,False,,10000,10000,1000,1000,,20,40.195333000000005,46.842129500000006,55.97295949999999,22.681,1.415,21.917,1000,20348,0,0,0,9000,10000.0,P1,Aggregate | Nested Loop | Index Scan | TID Materializer | Text Search Scan,plans/q0075.json
q0076,subquery,prefix,random_0,30,full,False,,10000,10000,0,0,,20,22.542875000000002,32.554551450000005,36.61121028999999,6.254,1.271,5.695,0,350,0,0,0,10000,10000.0,P5,Limit | Index Scan | Sort | Projector | Projector | Text Search Scan,plans/q0076.json
q0077,native,broad,random_0.5,10,full,False,,10000,8015,5000,8015,,20,27.021228999999998,46.02082885000002,66.87896576999997,0.24,0.29,0.129,10,12,0,0,0,0,10.0,N/A,Limit | Projector | Text Search Scan,plans/q0077.json
q0078,bitmap,broad,random_0.5,10,full,False,,10000,8015,5000,4015,,20,42.9854585,47.237402100000004,53.580014019999986,29.129,0.29,29.014,10,24519,0,0,0,4000,8015.0,P1,Limit | Sort | Nested Loop | Seq Scan | Projector | Projector | Text Search Scan,plans/q0078.json
q0079,enumeration,broad,random_0.5,10,full,False,,10000,8015,5000,4015,,20,24.717979,59.842846150000014,73.73076922999996,6.502,0.434,6.362,10,244,0,0,0,0,8015.0,P1,Limit | ProjectSet | Index Scan | Sort | Hash Join | CTE Scan | Hash | Projector | Text Search Scan,plans/q0079.json
q0080,native,broad,random_0.01,10,full,False,,10000,8015,100,8015,,20,16.6909995,38.71088575000001,47.92731074999999,0.203,0.213,0.104,10,12,0,0,0,0,10.0,N/A,Limit | Projector | Text Search Scan,plans/q0080.json
q0081,bitmap,broad,random_0.01,10,full,False,,10000,8015,100,82,,20,18.763458,22.010257700000004,25.481051539999992,3.97,0.509,3.826,10,308,0,0,0,7933,8015.0,P1,Limit | Sort | Nested Loop | Seq Scan | Projector | Projector | Text Search Scan,plans/q0081.json
q0082,enumeration,broad,random_0.01,10,full,False,,10000,8015,100,82,,20,19.4719165,36.9228545,39.60660449999999,4.4,0.414,4.259,10,241,0,0,0,0,8015.0,P1,Limit | ProjectSet | Index Scan | Sort | Hash Join | CTE Scan | Hash | Projector | Text Search Scan,plans/q0082.json
q0083,native,broad,random_0.001,10,full,False,,10000,8015,10,8015,,20,17.1480835,27.938898250000005,31.145813249999993,0.24,0.269,0.131,10,12,0,0,0,0,10.0,N/A,Limit | Projector | Text Search Scan,plans/q0083.json
q0084,bitmap,broad,random_0.001,10,full,False,,10000,8015,10,9,,20,19.178792,25.633943750000004,28.720588749999994,4.692,0.436,4.517,9,250,0,0,0,8006,8015.0,P1,Limit | Sort | Nested Loop | Seq Scan | Projector | Projector | Text Search Scan,plans/q0084.json
q0085,enumeration,broad,random_0.001,10,full,False,,10000,8015,10,9,,20,25.317270999999998,65.83956875000001,80.89241374999997,4.423,0.451,4.274,9,241,0,0,0,0,8015.0,P1,Limit | ProjectSet | Index Scan | Sort | Hash Join | CTE Scan | Hash | Projector | Text Search Scan,plans/q0085.json
q0086,native,broad,random_0.5,100,full,False,,10000,8015,5000,8015,,20,14.98425,21.799006900000006,25.552234979999994,0.393,0.253,0.234,100,136,0,0,0,0,100.0,N/A,Limit | Projector | Text Search Scan,plans/q0086.json
q0087,bitmap,broad,random_0.5,100,full,False,,10000,8015,5000,4015,,20,45.415375,60.90000595,61.88113479,29.178,0.397,29.01,100,24519,0,0,0,4000,8015.0,P1,Limit | Sort | Nested Loop | Seq Scan | Projector | Projector | Text Search Scan,plans/q0087.json
q0088,enumeration,broad,random_0.5,100,full,False,,10000,8015,5000,4015,,20,21.620667,23.5242173,25.568743459999997,6.519,0.346,6.388,100,244,0,0,0,0,8015.0,P1,Limit | ProjectSet | Index Scan | Sort | Hash Join | CTE Scan | Hash | Projector | Text Search Scan,plans/q0088.json
q0089,bitmap,rare,random_1,30,default,False,,10000,53,10000,53,,20,26.775438,50.9455583,51.748244459999995,0.477,0.352,0.336,30,210,0,0,0,0,53.0,P1,Limit | Sort | Nested Loop | Seq Scan | Projector | Text Search Scan,plans/q0089.json
q0090,enumeration,rare,random_1,30,default,False,,10000,53,10000,53,,20,17.042625,20.976538100000003,21.78334042,2.992,0.358,2.859,30,54,0,0,0,0,53.0,P1,Limit | ProjectSet | Index Scan | Sort | Hash Join | CTE Scan | Hash | Projector | Text Search Scan,plans/q0090.json
q0091,bitmap,rare,random_0.75,30,default,False,,10000,53,7500,40,,20,16.835291499999997,31.472208650000002,33.50204173,0.473,0.431,0.331,30,210,0,0,0,0,53.0,P1,Limit | Sort | Nested Loop | Seq Scan | Projector | Text Search Scan,plans/q0091.json
q0092,enumeration,rare,random_0.75,30,default,False,,10000,53,7500,40,,20,19.792396,44.83534375000001,50.53866874999999,2.298,0.41,2.171,30,54,0,0,0,0,53.0,P1,Limit | ProjectSet | Index Scan | Sort | Hash Join | CTE Scan | Hash | Projector | Text Search Scan,plans/q0092.json
q0093,bitmap,rare,random_0.5,30,default,False,,10000,53,5000,27,,20,16.007354499999998,23.515822900000003,28.426530979999992,0.436,0.356,0.318,27,210,0,0,0,0,53.0,P1,Limit | Sort | Nested Loop | Seq Scan | Projector | Text Search Scan,plans/q0093.json
q0094,enumeration,rare,random_0.5,30,default,False,,10000,53,5000,27,,20,21.81925,31.460413100000018,50.094915419999964,1.711,0.412,1.579,27,54,0,0,0,0,53.0,P1,Limit | ProjectSet | Index Scan | Sort | Hash Join | CTE Scan | Hash | Projector | Text Search Scan,plans/q0094.json
q0095,bitmap,rare,random_0.25,30,default,False,,10000,53,2500,15,,20,15.214042,18.79153335,22.219640269999996,0.4,0.344,0.286,15,157,0,0,0,0,53.0,P1,Limit | Sort | Nested Loop | Seq Scan | Projector | Text Search Scan,plans/q0095.json
q0096,enumeration,rare,random_0.25,30,default,False,,10000,53,2500,15,,20,16.544896,23.93313960000001,35.75706151999998,0.984,0.366,0.859,15,53,0,0,0,0,53.0,P1,Limit | ProjectSet | Index Scan | Sort | Hash Join | CTE Scan | Hash | Projector | Text Search Scan,plans/q0096.json
q0097,bitmap,rare,random_0.1,30,default,False,,10000,53,1000,8,,20,22.26375,84.6123059,92.51399398,0.411,0.452,0.283,8,157,0,0,0,0,53.0,P1,Limit | Sort | Nested Loop | Seq Scan | Projector | Text Search Scan,plans/q0097.json
q0098,enumeration,rare,random_0.1,30,default,False,,10000,53,1000,8,,20,15.492312,21.15710000000001,29.433119999999988,0.594,0.446,0.462,8,53,0,0,0,0,53.0,P1,Limit | ProjectSet | Index Scan | Sort | Hash Join | CTE Scan | Hash | Projector | Text Search Scan,plans/q0098.json
q0099,bitmap,rare,random_0.05,30,default,False,,10000,53,500,5,,20,25.490666500000003,55.52230060000001,61.597992919999996,0.294,0.456,0.16,5,51,0,0,0,0,53.0,P1,Limit | Sort | Nested Loop | Seq Scan | Projector | Text Search Scan,plans/q0099.json
