id,family,text,set,k,scoring,headline,budget,table_rows,text_matches,bitmap_members,eligible_matches,translation_setup_ms,n,p50_ms,p95_ms,p99_ms,server_ms,server_planning_ms,first_row_ms,returned,returned_min,returned_max,underfilled_observations,shared_hits,shared_reads,local_hits,local_reads,temp_reads,temp_writes,rows_removed,tin_output_rows,candidate_filter,classification,providers,plan
q0000,bitmap,broad,raw_random_0.5,30,full,False,,100000,79835,50000,39854,,100,323.151542,347.9861795,371.6448212500001,312.496,0.396,312.16,30,30,30,0,4739,0,319341,0,0,0,39992,79835.0,,P1,Limit | Sort | Nested Loop | Seq Scan | Projector | Projector | Text Search Scan,plans/q0000.json
q0001,bitmap,broad,optimized_random_0.5,30,full,False,,100000,79835,50000,39854,,100,318.9870625,337.43789549999997,389.57384134,312.116,0.375,311.782,30,30,30,0,4736,0,319341,0,0,0,39992,79835.0,,P1,Limit | Sort | Nested Loop | Seq Scan | Projector | Projector | Text Search Scan,plans/q0001.json
q0002,count_bitmap,broad,raw_random_0.5,30,full,False,,100000,79835,50000,39854,,100,292.11204150000003,339.105592,373.94160633,283.865,0.327,283.607,39854,39854,39854,0,2364,0,319341,0,0,0,39992,79835.0,,P1,Aggregate | Nested Loop | Seq Scan | TID Materializer | Text Search Scan,plans/q0002.json
q0003,count_bitmap,broad,optimized_random_0.5,30,full,False,,100000,79835,50000,39854,,100,286.4767915,342.8720128,360.3943308300001,279.115,0.323,278.841,39854,39854,39854,0,2364,0,319341,0,0,0,39992,79835.0,,P1,Aggregate | Nested Loop | Seq Scan | TID Materializer | Text Search Scan,plans/q0003.json
q0004,bound_bitmap,broad,raw_random_0.5,30,full,False,,100000,79835,50000,39854,,100,90.7468745,95.2179973,99.18588541000001,71.924,0.363,71.397,30,30,30,0,4736,0,0,0,0,0,39981,79835.0,,P5,Limit | Sort | Projector | Projector | Text Search Scan,plans/q0004.json
q0005,bound_bitmap,broad,optimized_random_0.5,30,full,False,,100000,79835,50000,39854,,100,91.041604,96.92766875000001,98.95907417000001,71.968,0.361,71.477,30,30,30,0,4736,0,0,0,0,0,39981,79835.0,,P5,Limit | Sort | Projector | Projector | Text Search Scan,plans/q0005.json
q0006,count_bound,broad,raw_random_0.5,30,full,False,,100000,79835,50000,39854,,100,71.26600049999999,74.56281634999999,76.73817491000001,54.122,0.221,53.673,39854,39854,39854,0,2364,0,0,0,0,0,39981,79835.0,,P5,Aggregate | TID Passthrough | Projector | Text Search Scan,plans/q0006.json
q0007,count_bound,broad,optimized_random_0.5,30,full,False,,100000,79835,50000,39854,,100,72.012979,76.35365065,79.59487658000002,54.369,0.273,53.905,39854,39854,39854,0,2364,0,0,0,0,0,39981,79835.0,,P5,Aggregate | TID Passthrough | Projector | Text Search Scan,plans/q0007.json
q0008,bitmap,broad,raw_random_0.01,30,full,False,,100000,79835,1000,812,,100,182.0206255,186.68013929999998,191.8629955,170.795,0.372,170.63,30,30,30,0,3059,0,159671,0,0,0,79034,79835.0,,P1,Limit | Sort | Nested Loop | Seq Scan | Projector | Projector | Text Search Scan,plans/q0008.json
q0009,bitmap,broad,optimized_random_0.01,30,full,False,,100000,79835,1000,812,,100,181.27029199999998,188.92003335,190.65755992000012,169.193,0.328,169.036,30,30,30,0,3059,0,159671,0,0,0,79034,79835.0,,P1,Limit | Sort | Nested Loop | Seq Scan | Projector | Projector | Text Search Scan,plans/q0009.json
q0010,count_bitmap,broad,raw_random_0.01,30,full,False,,100000,79835,1000,812,,100,167.0537085,173.067691,179.63113991,158.211,0.338,157.937,812,812,812,0,2364,0,159671,0,0,0,79034,79835.0,,P1,Aggregate | Nested Loop | Seq Scan | TID Materializer | Text Search Scan,plans/q0010.json
q0011,count_bitmap,broad,optimized_random_0.01,30,full,False,,100000,79835,1000,812,,100,167.1759585,175.0163875,178.31405300999998,155.838,0.359,155.572,812,812,812,0,2364,0,159671,0,0,0,79034,79835.0,,P1,Aggregate | Nested Loop | Seq Scan | TID Materializer | Text Search Scan,plans/q0011.json
q0012,bound_bitmap,broad,raw_random_0.01,30,full,False,,100000,79835,1000,812,,100,49.988709,54.30243959999999,56.70027316000011,49.591,0.287,49.397,30,30,30,0,3059,0,0,0,0,0,79023,79835.0,,P5,Limit | Sort | Projector | Projector | Text Search Scan,plans/q0012.json
q0013,bound_bitmap,broad,optimized_random_0.01,30,full,False,,100000,79835,1000,812,,100,49.9561455,52.84584345,54.42249033,38.279,0.294,38.145,30,30,30,0,3059,0,0,0,0,0,79023,79835.0,,P5,Limit | Sort | Projector | Projector | Text Search Scan,plans/q0013.json
q0014,count_bound,broad,raw_random_0.01,30,full,False,,100000,79835,1000,812,,100,43.226687999999996,48.4175649,50.98848842000001,31.663,0.226,31.549,812,812,812,0,2364,0,0,0,0,0,79023,79835.0,,P5,Aggregate | TID Passthrough | Projector | Text Search Scan,plans/q0014.json
q0015,count_bound,broad,optimized_random_0.01,30,full,False,,100000,79835,1000,812,,100,43.0938335,47.1109527,49.71282134000003,31.79,0.292,31.669,812,812,812,0,2364,0,0,0,0,0,79023,79835.0,,P5,Aggregate | TID Passthrough | Projector | Text Search Scan,plans/q0015.json
q0016,bitmap,broad,raw_random_0.001,30,full,False,,100000,79835,100,82,,100,47.769645499999996,49.90290035,51.17232291,37.733,0.4,37.563,30,30,30,0,2463,0,1,0,0,0,79764,79835.0,,P1,Limit | Sort | Nested Loop | Seq Scan | Projector | Projector | Text Search Scan,plans/q0016.json
q0017,bitmap,broad,optimized_random_0.001,30,full,False,,100000,79835,100,82,,100,47.893583,51.07944405,61.056847090000055,36.434,0.291,36.296,30,30,30,0,2463,0,1,0,0,0,79764,79835.0,,P1,Limit | Sort | Nested Loop | Seq Scan | Projector | Projector | Text Search Scan,plans/q0017.json
q0018,count_bitmap,broad,raw_random_0.001,30,full,False,,100000,79835,100,82,,100,36.7180625,41.4726816,43.75874425000003,25.163,0.284,24.91,82,82,82,0,2364,0,1,0,0,0,79764,79835.0,,P1,Aggregate | Nested Loop | Seq Scan | TID Materializer | Text Search Scan,plans/q0018.json
q0019,count_bitmap,broad,optimized_random_0.001,30,full,False,,100000,79835,100,82,,100,36.10725,39.82817645,45.02168741000008,25.532,0.31,25.316,82,82,82,0,2364,0,1,0,0,0,79764,79835.0,,P1,Aggregate | Nested Loop | Seq Scan | TID Materializer | Text Search Scan,plans/q0019.json
q0020,bound_bitmap,broad,raw_random_0.001,30,full,False,,100000,79835,100,82,,100,47.0737085,49.366150649999994,52.75244116000002,36.424,0.285,36.258,30,30,30,0,2463,0,0,0,0,0,79753,79835.0,,P5,Limit | Sort | Projector | Projector | Text Search Scan,plans/q0020.json
q0021,bound_bitmap,broad,optimized_random_0.001,30,full,False,,100000,79835,100,82,,100,47.412437499999996,50.070887799999994,53.96779600000001,36.01,0.249,35.892,30,30,30,0,2463,0,0,0,0,0,79753,79835.0,,P5,Limit | Sort | Projector | Projector | Text Search Scan,plans/q0021.json
q0022,count_bound,broad,raw_random_0.001,30,full,False,,100000,79835,100,82,,100,39.299667,44.0414128,48.76556416000001,28.55,0.19,28.419,82,82,82,0,2364,0,0,0,0,0,79753,79835.0,,P5,Aggregate | TID Passthrough | Projector | Text Search Scan,plans/q0022.json
q0023,count_bound,broad,optimized_random_0.001,30,full,False,,100000,79835,100,82,,100,39.398041500000005,43.16493955,47.04979717000001,27.887,0.227,27.779,82,82,82,0,2364,0,0,0,0,0,79753,79835.0,,P5,Aggregate | TID Passthrough | Projector | Text Search Scan,plans/q0023.json
q0024,bitmap,broad,raw_clustered_0.5,30,full,False,,100000,79835,50000,39914,,100,260.7745415,336.9956018,355.5979725,255.19,0.407,254.87,30,30,30,0,3558,0,239506,0,0,0,39932,79835.0,,P1,Limit | Sort | Nested Loop | Seq Scan | Projector | Projector | Text Search Scan,plans/q0024.json
q0025,bitmap,broad,optimized_clustered_0.5,30,full,False,,100000,79835,50000,39914,,100,72.8534375,77.01727435,92.65341500000004,66.357,0.355,66.041,30,30,30,0,3558,0,1,0,0,0,39932,79835.0,,P1,Limit | Sort | Nested Loop | Seq Scan | Projector | Projector | Text Search Scan,plans/q0025.json
q0026,count_bitmap,broad,raw_clustered_0.5,30,full,False,,100000,79835,50000,39914,,100,224.078396,260.14447534999994,328.5585412500001,217.034,0.31,216.764,39914,39914,39914,0,2364,0,239506,0,0,0,39932,79835.0,,P1,Aggregate | Nested Loop | Seq Scan | TID Materializer | Text Search Scan,plans/q0026.json
q0027,count_bitmap,broad,optimized_clustered_0.5,30,full,False,,100000,79835,50000,39914,,100,43.887041499999995,47.17321105,50.374751760000024,34.965,0.367,34.695,39914,39914,39914,0,2364,0,1,0,0,0,39932,79835.0,,P1,Aggregate | Nested Loop | Seq Scan | TID Materializer | Text Search Scan,plans/q0027.json
q0028,bound_bitmap,broad,raw_clustered_0.5,30,full,False,,100000,79835,50000,39914,,100,75.981333,80.40579405,81.95450092,67.548,0.348,67.136,30,30,30,0,3558,0,0,0,0,0,39921,79835.0,,P5,Limit | Sort | Projector | Projector | Text Search Scan,plans/q0028.json
q0029,bound_bitmap,broad,optimized_clustered_0.5,30,full,False,,100000,79835,50000,39914,,100,67.831729,70.418683,72.82585800000003,60.199,0.386,59.915,30,30,30,0,3558,0,0,0,0,0,39921,79835.0,,P5,Limit | Sort | Projector | Projector | Text Search Scan,plans/q0029.json
q0030,count_bound,broad,raw_clustered_0.5,30,full,False,,100000,79835,50000,39914,,100,57.642832999999996,64.75295,66.76818158,49.698,0.205,49.347,39914,39914,39914,0,2364,0,0,0,0,0,39921,79835.0,,P5,Aggregate | TID Passthrough | Projector | Text Search Scan,plans/q0030.json
q0031,count_bound,broad,optimized_clustered_0.5,30,full,False,,100000,79835,50000,39914,,100,49.2500005,53.196929149999995,57.17563958000003,41.034,0.203,40.746,39914,39914,39914,0,2364,0,0,0,0,0,39921,79835.0,,P5,Aggregate | TID Passthrough | Projector | Text Search Scan,plans/q0031.json
q0032,bitmap,broad,raw_clustered_0.01,30,full,False,,100000,79835,1000,796,,100,178.62025,182.51822855,187.30120300000002,165.522,0.354,165.369,30,30,30,0,2405,0,159671,0,0,0,79050,79835.0,,P1,Limit | Sort | Nested Loop | Seq Scan | Projector | Projector | Text Search Scan,plans/q0032.json
q0033,bitmap,broad,optimized_clustered_0.01,30,full,False,,100000,79835,1000,796,,100,54.129688,57.7898878,59.16887092000001,43.283,0.311,43.117,30,30,30,0,2405,0,1,0,0,0,79050,79835.0,,P1,Limit | Sort | Nested Loop | Seq Scan | Projector | Projector | Text Search Scan,plans/q0033.json
q0034,count_bitmap,broad,raw_clustered_0.01,30,full,False,,100000,79835,1000,796,,100,163.16725000000002,167.94873189999998,176.10711575,151.948,0.326,151.666,796,796,796,0,2364,0,159671,0,0,0,79050,79835.0,,P1,Aggregate | Nested Loop | Seq Scan | TID Materializer | Text Search Scan,plans/q0034.json
q0035,count_bitmap,broad,optimized_clustered_0.01,30,full,False,,100000,79835,1000,796,,100,38.9746045,42.24179645,45.58875351000001,28.121,0.279,27.869,796,796,796,0,2364,0,1,0,0,0,79050,79835.0,,P1,Aggregate | Nested Loop | Seq Scan | TID Materializer | Text Search Scan,plans/q0035.json
q0036,bound_bitmap,broad,raw_clustered_0.01,30,full,False,,100000,79835,1000,796,,100,47.810979,51.08457705,53.47093083000002,35.989,0.244,35.873,30,30,30,0,2405,0,0,0,0,0,79039,79835.0,,P5,Limit | Sort | Projector | Projector | Text Search Scan,plans/q0036.json
q0037,bound_bitmap,broad,optimized_clustered_0.01,30,full,False,,100000,79835,1000,796,,100,51.185479,54.956830599999996,57.13734858000011,40.392,0.303,40.241,30,30,30,0,2405,0,0,0,0,0,79039,79835.0,,P5,Limit | Sort | Projector | Projector | Text Search Scan,plans/q0037.json
q0038,count_bound,broad,raw_clustered_0.01,30,full,False,,100000,79835,1000,796,,100,39.928478999999996,43.9450458,48.060944500000026,27.921,0.237,27.81,796,796,796,0,2364,0,0,0,0,0,79039,79835.0,,P5,Aggregate | TID Passthrough | Projector | Text Search Scan,plans/q0038.json
q0039,count_bound,broad,optimized_clustered_0.01,30,full,False,,100000,79835,1000,796,,100,43.049167,45.340462499999994,51.561726750000005,31.462,0.229,31.321,796,796,796,0,2364,0,0,0,0,0,79039,79835.0,,P5,Aggregate | TID Passthrough | Projector | Text Search Scan,plans/q0039.json
q0040,bitmap,broad,raw_clustered_0.001,30,full,False,,100000,79835,100,80,,100,46.656687500000004,50.7120744,54.751248000000025,35.875,0.342,35.736,30,30,30,0,2384,0,1,0,0,0,79766,79835.0,,P1,Limit | Sort | Nested Loop | Seq Scan | Projector | Projector | Text Search Scan,plans/q0040.json
q0041,bitmap,broad,optimized_clustered_0.001,30,full,False,,100000,79835,100,80,,100,53.4133535,58.06397945,65.31138967000001,42.716,0.378,42.557,30,30,30,0,2384,0,1,0,0,0,79766,79835.0,,P1,Limit | Sort | Nested Loop | Seq Scan | Projector | Projector | Text Search Scan,plans/q0041.json
q0042,count_bitmap,broad,raw_clustered_0.001,30,full,False,,100000,79835,100,80,,100,35.94925,38.8213423,41.898484669999995,24.654,0.385,24.382,80,80,80,0,2364,0,1,0,0,0,79766,79835.0,,P1,Aggregate | Nested Loop | Seq Scan | TID Materializer | Text Search Scan,plans/q0042.json
q0043,count_bitmap,broad,optimized_clustered_0.001,30,full,False,,100000,79835,100,80,,100,39.3269165,43.85744935,48.275570510000016,28.32,0.34,28.062,80,80,80,0,2364,0,1,0,0,0,79766,79835.0,,P1,Aggregate | Nested Loop | Seq Scan | TID Materializer | Text Search Scan,plans/q0043.json
q0044,bound_bitmap,broad,raw_clustered_0.001,30,full,False,,100000,79835,100,80,,100,46.612833499999994,51.8957958,53.995641430000006,35.863,0.29,35.724,30,30,30,0,2384,0,0,0,0,0,79755,79835.0,,P5,Limit | Sort | Projector | Projector | Text Search Scan,plans/q0044.json
q0045,bound_bitmap,broad,optimized_clustered_0.001,30,full,False,,100000,79835,100,80,,100,50.941917000000004,55.5693896,58.45315042,39.836,0.232,39.706,30,30,30,0,2384,0,0,0,0,0,79755,79835.0,,P5,Limit | Sort | Projector | Projector | Text Search Scan,plans/q0045.json
q0046,count_bound,broad,raw_clustered_0.001,30,full,False,,100000,79835,100,80,,100,38.795646,42.9180506,44.89897666000001,26.606,0.274,26.482,80,80,80,0,2364,0,0,0,0,0,79755,79835.0,,P5,Aggregate | TID Passthrough | Projector | Text Search Scan,plans/q0046.json
q0047,count_bound,broad,optimized_clustered_0.001,30,full,False,,100000,79835,100,80,,100,42.5359375,47.11660145,48.85067175000001,31.259,0.222,31.138,80,80,80,0,2364,0,0,0,0,0,79755,79835.0,,P5,Aggregate | TID Passthrough | Projector | Text Search Scan,plans/q0047.json
